<?xml version="1.0" encoding="UTF-8"?>
<!DOCTYPE suite SYSTEM "http://testng.org/testng-1.0.dtd">
<suite name="Assessment_MS_Initial" parallel="none" verbose="1">

	<listeners>

		<listener
			class-name="com.optum.setup.ExtentListeners"></listener>

	</listeners>
 <!--  <listeners>
      <listener class-name="org.uncommons.reportng.HTMLReporter"/>
      <listener class-name="org.uncommons.reportng.JUnitXMLReporter"/>
      <listener class-name="com.optum.setup.CustomListeners"/>
  </listeners> -->
  
  <test name="NewPerson_Prescription_Assesment" preserve-order="true" group-by-instances="true" thread-count="1">
    <classes>
    <class name="com.optum.testcases.FirstStep"/>      
    <!-- 
  	  <class name="com.optum.testcases.Assessment_MS_Initial.Create_NewPerson_add_PrescriptionPHQ_2Email_No"/>
      <class name="com.optum.testcases.Assessment_MS_Initial.Create_NewPerson_add_PrescriptionPHQ_1Email_No"/>
      <class name="com.optum.testcases.Assessment_MS_Initial.Create_NewPerson_add_PrescriptionPHQ_2Email_Yes"/>
      <class name="com.optum.testcases.Assessment_MS_Initial.Create_NewPerson_add_PrescriptionPHQ_1Email_Yes"/>

      <class name="com.optum.testcases.Assessment_MS_Initial.Add_Prescription_to_ExistingAccount_PHQ_2_Email_Yes"/>
      <class name="com.optum.testcases.Assessment_MS_Initial.Add_Prescription_to_ExistingAccount_PHQ_2_Email_No"/>
      <class name="com.optum.testcases.Assessment_MS_Initial.Add_Prescription_to_ExistingAccount_PHQ_1_Email_Yes"/>
      <class name="com.optum.testcases.Assessment_MS_Initial.Add_Prescription_to_ExistingAccount_PHQ_1_Email_No"/>
      -->
    </classes>
  </test> <!-- Test -->
</suite> <!-- Suite -->
